simulation_id,scenario,rent,owner_draw,month,active_members,joins,departures,net_adds,cash_balance,net_cash_flow,cumulative_op_profit,cumulative_profit_after_capex,revenue_membership,revenue_firing,revenue_clay,revenue_events,revenue_workshops_net,revenue_designated_studios,designated_studio_occupied,grant_received,insolvent_before_grant,grant_month,grant_amount,is_downturn,loan_payment_total,loan_payment_504,loan_payment_7a,loan_principal_total,loan_principal_504,loan_principal_7a,fees_cash_outflow,fees_7a_financed,fees_504_financed,capex_I_cost,capex_II_cost,capex_draw,loan_tranche_draw_capex,loan_tranche_draw_opex,runway_costs,loan_balance_504,loan_balance_7a,dscr,dscr_cash,staff_cost,maintenance_cost,marketing_cost,op_profit_after_tax,sales_tax_collected,sales_tax_remitted,se_tax_accrued,state_income_tax_accrued,corp_tax_accrued,tax_payments_made,property_tax,owner_salary_expense,employer_payroll_tax,entity_type,owner_draw_paid,employee_withholding,workshop_attendees,workshop_gross,workshop_cost,events_this_month,revenue_events_gross,events_cost_materials,events_cost_labor,revenue_classes_gross,classes_cost,revenue_classes,class_students,cfads,dscr_cash_breach_1_00,dscr_cash_breach_1_25
0,Beta_Test_Scenario,4500.0,2000.0,1,0,0,0,0,164112.1708093968,-7437.867390603198,-4365.679651853197,-4365.679651853197,0.0,0.0,0.0,267.2805174473301,1860.0,300.0,1,0,False,,0.0,False,1072.1877387499999,0.0,1072.1877387499999,171550.0382,0.0,171550.0382,0.0,8880.0982,0.0,0.0,0.0,0.0,0.0,0.0,137669.94,0.0,171550.0382,-4.07174927866913,-4.07174927866913,0.0,269.17016930052836,600.0,-4365.679651853197,0.0,0.0,0.0,0.0,0.0,0.0,0.0,0.0,0.0,sole_prop,2000.0,0.0,48,2160.0,300.0,1,525.0,197.71948255266986,60.0,0.0,0.0,0.0,0,-4365.679651853197,True,True
0,Beta_Test_Scenario,4500.0,2000.0,2,0,0,0,0,157528.2772709261,-6583.893538470696,-7877.385451573893,-7877.385451573893,0.0,0.0,0.0,1052.0842002793042,1860.0,300.0,1,0,False,,0.0,False,1072.1877387499999,0.0,1072.1877387499999,171550.0382,0.0,171550.0382,0.0,8880.0982,0.0,0.0,0.0,0.0,0.0,0.0,137669.94,0.0,171550.0382,-3.2752713660154193,-3.2752713660154202,0.0,200.0,600.0,-3511.7057997206957,0.0,0.0,0.0,0.0,0.0,0.0,0.0,0.0,0.0,sole_prop,2000.0,0.0,48,2160.0,300.0,6,2415.0,1002.9157997206956,360.0,0.0,0.0,0.0,0,-3511.7057997206966,True,True
0,Beta_Test_Scenario,4500.0,2000.0,3,6,7,1,6,150513.82192933073,-7014.455341595378,-11827.07492941927,-11827.07492941927,510.0,383.75,118.75,106.52264041417081,1860.0,0.0,0,0,False,,0.0,False,1072.1877387499999,0.0,1072.1877387499999,171550.0382,0.0,171550.0382,0.0,8880.0982,0.0,0.0,0.0,0.0,0.0,0.0,137669.94,0.0,171550.0382,-3.683766690383986,-3.683766690383986,0.0,308.8996182595471,600.0,-3949.6894778453766,7.421875,7.421875,0.0,0.0,0.0,7.421875,0.0,0.0,0.0,sole_prop,2000.0,0.0,48,2160.0,300.0,1,280.0,113.47735958582919,60.0,0.0,0.0,0.0,0,-3949.6894778453766,True,True
0,Beta_Test_Scenario,4500.0,2000.0,4,11,7,2,5,146088.64518633013,-4425.176743000609,-13192.173308669877,-13192.173308669877,935.0,636.25,193.75,445.4841207493913,1860.0,0.0,0,0,False,,0.0,False,1072.1877387499999,0.0,1072.1877387499999,171550.0382,0.0,171550.0382,0.0,8880.0982,0.0,0.0,0.0,0.0,0.0,0.0,137669.94,0.0,171550.0382,-1.2731896942247212,-1.273189694224722,0.0,200.0,600.0,-1365.0983792506076,12.109375,0.0,0.0,0.0,0.0,0.0,0.0,0.0,0.0,sole_prop,2000.0,0.0,48,2160.0,300.0,3,1085.0,459.5158792506087,180.0,2160.0,660.0,1500.0,12,-1365.0983792506086,True,True
0,Beta_Test_Scenario,4500.0,2000.0,5,19,10,2,8,144467.97290170428,-1620.6722846258563,-11769.173479545734,-11769.173479545734,1615.0,1521.25,456.25,1266.8028951689544,1860.0,0.0,0,0,False,,0.0,False,1072.1877387499999,0.0,1072.1877387499999,171550.0382,0.0,171550.0382,0.0,8880.0982,0.0,0.0,0.0,0.0,0.0,0.0,137669.94,0.0,171550.0382,1.3271927832182961,1.3271927832182968,0.0,535.5405660448106,600.0,1155.8129521208261,28.515625,0.0,201.06347235601044,66.12340464730691,0.0,0.0,0.0,0.0,0.0,sole_prop,2000.0,0.0,48,2160.0,300.0,6,2660.0,1033.1971048310456,360.0,2520.0,740.0,1780.0,14,1422.9998291241445,False,False
0,Beta_Test_Scenario,4500.0,2000.0,6,29,11,1,10,143169.22668479788,-1298.746216906411,-9312.60455297515,-9312.60455297515,2465.0,2432.5,725.0,102.02964351058347,1860.0,300.0,1,0,False,,0.0,False,1072.1877387499999,0.0,1072.1877387499999,171550.0382,0.0,171550.0382,0.0,8880.0982,0.0,0.0,0.0,0.0,0.0,0.0,137669.94,0.0,171550.0382,2.291174239163145,1.6117783848734484,0.0,346.92071694000083,600.0,1995.3158988469072,45.3125,85.9375,347.102134764254,114.15089295942288,0.0,814.3774047269942,0.0,0.0,0.0,sole_prop,2000.0,0.0,48,2160.0,300.0,1,280.0,117.97035648941652,60.0,2340.0,700.0,1640.0,13,1728.1290218435897,False,False
0,Beta_Test_Scenario,4500.0,2000.0,7,35,11,5,6,142652.15336443315,-517.0733203647251,-5773.860046878614,-5773.860046878614,2975.0,2873.75,843.75,338.45033559764045,1860.0,300.0,1,0,False,,0.0,False,2108.5522014612643,0.0,2108.5522014612643,171550.0382,0.0,171550.0382,0.0,8880.0982,0.0,0.0,0.0,0.0,0.0,0.0,137669.94,0.0,170513.67373728874,1.678281668172181,1.6782816681721833,0.0,351.50832950110515,600.0,2874.298823289575,52.734375,0.0,500.008674361163,164.43700844579772,0.0,0.0,0.0,0.0,0.0,sole_prop,2000.0,0.0,48,2160.0,300.0,2,805.0,346.54966440235955,120.0,2160.0,660.0,1500.0,12,3538.74450609654,False,False
0,Beta_Test_Scenario,4500.0,2000.0,8,39,10,6,4,144071.2432688258,1419.0899043926565,-314.1866910246945,-314.1866910246945,3315.0,3907.5,1087.5,646.9094284780675,1860.0,300.0,1,0,False,,0.0,False,2108.5522014612643,0.0,2108.5522014612643,171550.0382,0.0,171550.0382,0.0,8880.0982,0.0,0.0,0.0,0.0,0.0,0.0,137669.94,0.0,169470.83199668553,2.5892995924266278,2.589299592426628,0.0,333.03107262414767,600.0,4434.548093325468,67.96875,0.0,771.4272766520576,253.69798587639457,0.0,0.0,0.0,0.0,0.0,sole_prop,2000.0,0.0,48,2160.0,300.0,6,1680.0,673.0905715219325,360.0,2340.0,700.0,1640.0,13,5459.673355853922,False,False
0,Beta_Test_Scenario,4500.0,2000.0,9,46,11,4,7,144558.21195265546,486.9686838296511,7319.9369569564205,7319.9369569564205,3910.0,4847.5,1350.0,1086.913647981115,1860.0,0.0,0,0,False,,0.0,False,2108.5522014612643,0.0,2108.5522014612643,171550.0382,0.0,171550.0382,0.0,8880.0982,0.0,0.0,0.0,0.0,0.0,0.0,137669.94,0.0,168421.47249520355,3.6205523594296274,2.139451839117196,0.0,200.0,600.0,6200.716830626327,84.375,205.078125,1078.6673179033157,354.7394994514729,0.0,3328.0558876902014,0.0,0.0,0.0,sole_prop,2000.0,0.0,48,2160.0,300.0,6,2415.0,968.0863520188849,360.0,2700.0,780.0,1920.0,15,4511.1458852909145,False,False
0,Beta_Test_Scenario,4500.0,2000.0,10,53,11,4,7,145641.1166193526,1082.9046666971408,12419.206325114825,12419.206325114825,4505.0,5210.0,1475.0,574.5643931896163,1860.0,0.0,0,0,False,,0.0,False,2108.5522014612643,0.0,2108.5522014612643,171550.0382,0.0,171550.0382,0.0,8880.0982,0.0,0.0,0.0,0.0,0.0,0.0,137669.94,0.0,167365.5544968373,2.4183747334424632,2.418374733442464,2500.0,301.15502503121127,600.0,4141.814680117073,92.1875,0.0,720.5038150086258,236.95087303270458,0.0,0.0,0.0,0.0,0.0,sole_prop,2000.0,0.0,48,2160.0,300.0,4,1365.0,550.4356068103837,240.0,2160.0,660.0,1500.0,12,5099.269368158406,False,False
0,Beta_Test_Scenario,4500.0,2000.0,11,63,11,1,10,148892.25745611324,3251.140836760638,19662.102488336728,19662.102488336728,5355.0,6608.75,1868.75,378.66366322190004,1860.0,0.0,0,0,False,,0.0,False,2108.5522014612643,0.0,2108.5522014612643,171550.0382,0.0,171550.0382,0.0,8880.0982,0.0,0.0,0.0,0.0,0.0,0.0,137669.94,0.0,166303.0370109813,3.4350091774832254,3.4350091774832263,2500.0,200.0,600.0,5882.947436101049,116.796875,0.0,1023.3886348305202,336.5600922903321,0.0,0.0,0.0,0.0,0.0,sole_prop,2000.0,0.0,48,2160.0,300.0,2,805.0,306.33633677809996,120.0,2520.0,740.0,1780.0,14,7242.896163221903,False,False
0,Beta_Test_Scenario,4500.0,2000.0,12,81,25,7,18,151889.2311517027,2996.9736955894514,31069.01709022114,31069.01709022114,6885.0,9050.0,2525.0,464.69341225853304,1860.0,0.0,0,0,False,,0.0,False,2108.5522014612643,0.0,2108.5522014612643,171550.0382,0.0,171550.0382,0.0,8880.0982,0.0,0.0,0.0,0.0,0.0,0.0,137669.94,0.0,165233.87879083867,5.409832677597082,3.2950160741744154,2500.0,309.2988103741216,600.0,9265.116812212898,157.8125,366.796875,1611.745702130559,530.0520875409567,0.0,4825.998079833698,0.0,0.0,0.0,sole_prop,2000.0,0.0,48,2160.0,300.0,3,1085.0,440.30658774146696,180.0,2520.0,740.0,1780.0,14,6947.713397050717,False,False
1,Beta_Test_Scenario,4500.0,2000.0,1,0,0,0,0,163822.59010514006,-7727.448094859953,-4655.260356109953,-4655.260356109953,0.0,0.0,0.0,208.529643890047,1860.0,0.0,0,0,False,,0.0,False,1072.1877387499999,0.0,1072.1877387499999,171550.0382,0.0,171550.0382,0.0,8880.0982,0.0,0.0,0.0,0.0,0.0,0.0,137669.94,0.0,171550.0382,-4.34183323299075,-4.3418332329907505,0.0,200.0,600.0,-4655.260356109953,0.0,0.0,0.0,0.0,0.0,0.0,0.0,0.0,0.0,sole_prop,2000.0,0.0,48,2160.0,300.0,2,560.0,231.470356109953,120.0,0.0,0.0,0.0,0,-4655.260356109954,True,True
1,Beta_Test_Scenario,4500.0,2000.0,2,0,0,0,0,156334.3598627076,-7488.230242432457,-9071.302859792411,-9071.302859792411,0.0,0.0,0.0,447.7474963175424,1860.0,0.0,0,0,False,,0.0,True,1072.1877387499999,0.0,1072.1877387499999,171550.0382,0.0,171550.0382,0.0,8880.0982,0.0,0.0,0.0,0.0,0.0,0.0,137669.94,0.0,171550.0382,-4.118721324710223,-4.118721324710223,0.0,200.0,600.0,-4416.042503682458,0.0,0.0,0.0,0.0,0.0,0.0,0.0,0.0,0.0,sole_prop,2000.0,0.0,48,2160.0,300.0,3,1085.0,457.2525036824576,180.0,0.0,0.0,0.0,0,-4416.042503682458,True,True
1,Beta_Test_Scenario,4500.0,2000.0,3,7,7,0,7,150325.28386252088,-6009.076000186728,-12020.691121229138,-12020.691121229138,595.0,685.0,200.0,601.2917385632729,1860.0,0.0,0,0,False,,0.0,True,1072.1877387499999,0.0,1072.1877387499999,171550.0382,0.0,171550.0382,0.0,8880.0982,0.0,0.0,0.0,0.0,0.0,0.0,137669.94,0.0,171550.0382,-2.7508132716339806,-2.7508132716339815,0.0,200.0,600.0,-2949.3882614367267,12.5,12.5,0.0,0.0,0.0,12.5,0.0,0.0,0.0,sole_prop,2000.0,0.0,48,2160.0,300.0,3,1330.0,548.7082614367271,180.0,0.0,0.0,0.0,0,-2949.3882614367276,True,True
1,Beta_Test_Scenario,4500.0,2000.0,4,12,7,2,5,147088.60978943852,-3236.6740730823703,-12200.021205561507,-12200.021205561507,1020.0,785.0,237.5,1119.4649156676305,1860.0,0.0,0,0,False,,0.0,False,1072.1877387499999,0.0,1072.1877387499999,171550.0382,0.0,171550.0382,0.0,8880.0982,0.0,0.0,0.0,0.0,0.0,0.0,137669.94,0.0,171550.0382,-0.1672562349401971,-0.16725623494019964,0.0,200.0,600.0,-179.33008433236864,14.84375,0.0,0.0,0.0,0.0,0.0,0.0,0.0,0.0,sole_prop,2000.0,0.0,48,2160.0,300.0,6,2415.0,935.5350843323696,360.0,2520.0,740.0,1780.0,14,-179.33008433237137,True,True
1,Beta_Test_Scenario,4500.0,2000.0,5,21,11,2,9,146067.81016007348,-1020.7996293650431,-10181.836221176549,-10181.836221176549,1785.0,1818.75,531.25,901.0040354491557,1860.0,300.0,1,0,False,,0.0,False,1072.1877387499999,0.0,1072.1877387499999,171550.0382,0.0,171550.0382,0.0,8880.0982,0.0,0.0,0.0,0.0,0.0,0.0,137669.94,0.0,171550.0382,1.8823055995192026,1.8823055995192035,0.0,226.74655106419883,600.0,1639.2442901160734,33.203125,0.0,285.16045646116464,93.78023780771872,0.0,0.0,0.0,0.0,0.0,sole_prop,2000.0,0.0,48,2160.0,300.0,4,1855.0,713.9959645508444,240.0,2340.0,700.0,1640.0,13,2018.1849843849577,False,False
1,Beta_Test_Scenario,4500.0,2000.0,6,27,10,4,6,144655.59839683425,-1412.2117632392274,-7721.122695924772,-7721.122695924772,2295.0,2208.75,643.75,539.7510252517765,1860.0,0.0,0,0,False,,0.0,False,1072.1877387499999,0.0,1072.1877387499999,171550.0382,0.0,171550.0382,0.0,8880.0982,0.0,0.0,0.0,0.0,0.0,0.0,137669.94,0.0,171550.0382,2.2950397923040757,1.5106884195478045,0.0,200.0,600.0,1998.6822947796554,40.234375,88.28125,347.6877479072124,114.34348256490851,0.0,929.2531747410044,0.0,0.0,0.0,sole_prop,2000.0,0.0,48,2160.0,300.0,2,1050.0,390.24897474822353,120.0,2520.0,740.0,1780.0,14,1619.7416005107716,False,False
1,Beta_Test_Scenario,4500.0,2000.0,7,36,11,2,9,146008.45689034552,1352.858493511263,-2328.462000952247,-2328.462000952247,3060.0,4030.0,1100.0,571.434555376157,1860.0,600.0,2,0,False,,0.0,True,2108.5522014612643,0.0,2108.5522014612643,171550.0382,0.0,171550.0382,0.0,8880.0982,0.0,0.0,0.0,0.0,0.0,0.0,137669.94,0.0,170513.67373728874,2.557518230393023,2.5575182303930233,0.0,496.18386040363225,600.0,4380.117938228071,68.75,0.0,761.9586892264905,250.58406751796403,0.0,0.0,0.0,0.0,0.0,sole_prop,2000.0,0.0,48,2160.0,300.0,4,1365.0,553.565444623843,240.0,2340.0,700.0,1640.0,13,5392.6606949725265,False,False
1,Beta_Test_Scenario,4500.0,2000.0,8,41,12,7,5,148610.4798560761,2602.0229657305626,4301.644416239579,4301.644416239579,3485.0,4567.5,1287.5,488.471417191825,1860.0,600.0,2,0,False,,0.0,False,2108.5522014612643,0.0,2108.5522014612643,171550.0382,0.0,171550.0382,0.0,8880.0982,0.0,0.0,0.0,0.0,0.0,0.0,137669.94,0.0,169470.83199668553,3.144388084201588,3.144388084201589,0.0,200.0,600.0,5385.217000093666,80.46875,0.0,936.8042012703276,308.0852158278331,0.0,0.0,0.0,0.0,0.0,sole_prop,2000.0,0.0,48,2160.0,300.0,3,1085.0,416.528582808175,180.0,2340.0,700.0,1640.0,13,6630.106417191828,False,False
1,Beta_Test_Scenario,4500.0,2000.0,9,50,10,1,9,146556.12866183196,-2054.35119424414,9485.429308131399,9485.429308131399,4250.0,5808.75,1618.75,0.0,1860.0,300.0,1,0,False,,0.0,False,2108.5522014612643,0.0,2108.5522014612643,171550.0382,0.0,171550.0382,0.0,8880.0982,0.0,0.0,0.0,0.0,0.0,0.0,137669.94,0.0,168421.47249520355,2.4584569868838737,0.9262417742675003,2500.0,473.14760810817944,600.0,4210.461306059735,101.171875,250.390625,732.4454781923005,240.87810763978342,0.0,3481.1463846746988,0.0,0.0,0.0,sole_prop,2000.0,0.0,48,2160.0,300.0,0,0.0,0.0,0.0,2340.0,700.0,1640.0,13,1953.0291322171252,True,True
1,Beta_Test_Scenario,4500.0,2000.0,10,55,10,5,5,150006.8447628229,3450.7161009909323,16932.197610583593,16932.197610583593,4675.0,6492.5,1800.0,981.4183024521949,1860.0,0.0,0,0,False,,0.0,False,2108.5522014612643,0.0,2108.5522014612643,171550.0382,0.0,171550.0382,0.0,8880.0982,0.0,0.0,0.0,0.0,0.0,0.0,137669.94,0.0,167365.5544968373,3.5316973880425877,3.5316973880425886,2500.0,200.0,600.0,6048.53990791743,112.5,0.0,1052.194850679134,346.0335438556315,0.0,0.0,0.0,0.0,0.0,sole_prop,2000.0,0.0,48,2160.0,300.0,6,2170.0,828.5816975478051,360.0,2520.0,740.0,1780.0,14,7446.7683024521975,False,False
1,Beta_Test_Scenario,4500.0,2000.0,11,61,11,5,6,153440.50127465432,3433.656511831423,24358.39069887628,24358.39069887628,5185.0,6646.25,1856.25,768.7494808182008,1860.0,0.0,0,0,False,,0.0,False,2108.5522014612643,0.0,2108.5522014612643,171550.0382,0.0,171550.0382,0.0,8880.0982,0.0,0.0,0.0,0.0,0.0,0.0,137669.94,0.0,166303.0370109813,3.5219394061698837,3.5219394061698837,2500.0,270.17389252551595,600.0,6031.8279600088645,116.015625,0.0,1049.2876655068592,345.0774627769629,0.0,0.0,0.0,0.0,0.0,sole_prop,2000.0,0.0,48,2160.0,300.0,3,1575.0,626.2505191817992,180.0,2520.0,740.0,1780.0,14,7426.193088292686,False,False
1,Beta_Test_Scenario,4500.0,2000.0,12,82,26,5,21,156832.35136000568,3391.850085351365,36830.25123676796,36830.25123676796,6970.0,9336.25,2606.25,487.41542512696094,1860.0,600.0,2,0,False,,0.0,False,2108.5522014612643,0.0,2108.5522014612643,171550.0382,0.0,171550.0382,0.0,8880.0982,0.0,0.0,0.0,0.0,0.0,0.0,137669.94,0.0,165233.87879083867,5.914892943721508,3.479881435578215,2500.0,265.07238723527655,600.0,10130.105184631217,162.890625,391.40625,1762.2177706316743,579.5375826287924,0.0,5525.755126079055,0.0,0.0,0.0,sole_prop,2000.0,0.0,48,2160.0,300.0,3,1085.0,417.58457487303906,180.0,2520.0,740.0,1780.0,14,7337.51166181263,False,False
2,Beta_Test_Scenario,4500.0,2000.0,1,0,0,0,0,163813.00308956412,-7737.035110435879,-4664.84737168588,-4664.84737168588,0.0,0.0,0.0,107.49926054120925,1860.0,300.0,1,0,False,,0.0,False,1072.1877387499999,0.0,1072.1877387499999,171550.0382,0.0,171550.0382,0.0,8880.0982,0.0,0.0,0.0,0.0,0.0,0.0,137669.94,0.0,171550.0382,-4.350774778607661,-4.35077477860766,0.0,408.5566322270887,600.0,-4664.84737168588,0.0,0.0,0.0,0.0,0.0,0.0,0.0,0.0,0.0,sole_prop,2000.0,0.0,48,2160.0,300.0,1,280.0,112.50073945879075,60.0,0.0,0.0,0.0,0,-4664.847371685878,True,True
2,Beta_Test_Scenario,4500.0,2000.0,2,0,0,0,0,157296.52884282003,-6516.474246744103,-8109.133879679983,-8109.133879679983,0.0,0.0,0.0,1119.503492005897,1860.0,300.0,1,0,False,,0.0,False,1072.1877387499999,0.0,1072.1877387499999,171550.0382,0.0,171550.0382,0.0,8880.0982,0.0,0.0,0.0,0.0,0.0,0.0,137669.94,0.0,171550.0382,-3.212391247832765,-3.212391247832766,0.0,200.0,600.0,-3444.286507994103,0.0,0.0,0.0,0.0,0.0,0.0,0.0,0.0,0.0,sole_prop,2000.0,0.0,48,2160.0,300.0,6,2415.0,935.4965079941029,360.0,0.0,0.0,0.0,0,-3444.286507994104,True,True
2,Beta_Test_Scenario,4500.0,2000.0,3,4,7,3,4,150829.39844338445,-6467.130399435569,-11512.279665365551,-11512.279665365551,340.0,478.75,131.25,340.0266993665841,1860.0,300.0,1,0,False,,0.0,False,1072.1877387499999,0.0,1072.1877387499999,171550.0382,0.0,171550.0382,0.0,8880.0982,0.0,0.0,0.0,0.0,0.0,0.0,137669.94,0.0,171550.0382,-3.174020428225653,-3.174020428225653,0.0,241.33998505215382,600.0,-3403.145785685569,8.203125,8.203125,0.0,0.0,0.0,8.203125,0.0,0.0,0.0,sole_prop,2000.0,0.0,48,2160.0,300.0,3,840.0,319.97330063341593,180.0,0.0,0.0,0.0,0,-3403.145785685569,True,True
2,Beta_Test_Scenario,4500.0,2000.0,4,11,7,0,7,147697.51548174588,-3131.8829616385556,-11592.678013254106,-11592.678013254106,935.0,1181.25,331.25,559.9191521114446,1860.0,300.0,1,0,False,,0.0,False,1072.1877387499999,0.0,1072.1877387499999,171550.0382,0.0,171550.0382,0.0,8880.0982,0.0,0.0,0.0,0.0,0.0,0.0,137669.94,0.0,171550.0382,-0.07498532671366617,-0.07498532671366702,0.0,200.0,600.0,-80.39834788855569,20.703125,0.0,0.0,0.0,0.0,0.0,0.0,0.0,0.0,sole_prop,2000.0,0.0,48,2160.0,300.0,4,1365.0,565.0808478885554,240.0,2520.0,740.0,1780.0,14,-80.3983478885566,True,True
2,Beta_Test_Scenario,4500.0,2000.0,5,20,12,3,9,146306.5249610077,-1390.9905207381962,-9948.590170242302,-9948.590170242302,1700.0,2108.75,593.75,387.1898345618389,1860.0,300.0,1,0,False,,0.0,False,1072.1877387499999,0.0,1072.1877387499999,171550.0382,0.0,171550.0382,0.0,8880.0982,0.0,0.0,0.0,0.0,0.0,0.0,137669.94,0.0,171550.0382,1.5333954899806532,1.5333954899806514,0.0,312.60449155003425,600.0,1335.3887923844968,37.109375,0.0,232.3022138222744,76.39683680503337,0.0,0.0,0.0,0.0,0.0,sole_prop,2000.0,0.0,48,2160.0,300.0,2,805.0,297.8101654381611,120.0,2340.0,700.0,1640.0,13,1644.0878430118028,False,False
2,Beta_Test_Scenario,4500.0,2000.0,6,27,10,3,7,145451.76009024557,-854.7648707621192,-6902.953845808331,-6902.953845808331,2295.0,3002.5,837.5,107.14132443397176,1860.0,300.0,1,0,False,,0.0,False,1072.1877387499999,0.0,1072.1877387499999,171550.0382,0.0,171550.0382,0.0,8880.0982,0.0,0.0,0.0,0.0,0.0,0.0,137669.94,0.0,171550.0382,2.8405811914848957,2.0193097157705022,0.0,200.0,600.0,2473.778168615189,52.34375,110.15625,430.3347072790601,141.52344853972204,0.0,990.71345644609,0.0,0.0,0.0,sole_prop,2000.0,0.0,48,2160.0,300.0,1,280.0,112.85867556602825,60.0,2340.0,700.0,1640.0,13,2165.0791179878797,False,False
2,Beta_Test_Scenario,4500.0,2000.0,7,33,10,4,6,145929.03853602332,477.2784457777361,-2385.873198569333,-2385.873198569333,2805.0,4065.0,1100.0,118.96500725765247,1860.0,300.0,1,0,False,,0.0,False,2108.5522014612643,0.0,2108.5522014612643,171550.0382,0.0,171550.0382,0.0,8880.0982,0.0,0.0,0.0,0.0,0.0,0.0,137669.94,0.0,170513.67373728874,2.142266453782164,2.142266453782165,0.0,399.2943600186534,600.0,3668.939525499889,68.75,0.0,638.2431685919578,209.89795314715093,0.0,0.0,0.0,0.0,0.0,sole_prop,2000.0,0.0,48,2160.0,300.0,1,280.0,101.03499274234753,60.0,2340.0,700.0,1640.0,13,4517.0806472389995,False,False
2,Beta_Test_Scenario,4500.0,2000.0,8,40,10,3,7,148318.33052587823,2389.291989854919,4029.1584927468466,4029.1584927468466,3400.0,4915.0,1325.0,351.44215019024494,1860.0,300.0,1,0,False,,0.0,False,2108.5522014612643,0.0,2108.5522014612643,171550.0382,0.0,171550.0382,0.0,8880.0982,0.0,0.0,0.0,0.0,0.0,0.0,137669.94,0.0,169470.83199668553,3.0423869453506764,3.0423869453506773,0.0,392.89045887406485,600.0,5210.525374168515,82.8125,0.0,906.4151103403652,298.09120680729984,0.0,0.0,0.0,0.0,0.0,sole_prop,2000.0,0.0,48,2160.0,300.0,2,805.0,333.55784980975506,120.0,2520.0,740.0,1780.0,14,6415.031691316182,False,False
2,Beta_Test_Scenario,4500.0,2000.0,9,51,13,2,11,147218.26298492803,-1100.0675409501855,10139.068884372406,10139.068884372406,4335.0,5662.5,1575.0,888.6303916255606,1860.0,0.0,0,0,False,,0.0,False,2108.5522014612643,0.0,2108.5522014612643,171550.0382,0.0,171550.0382,0.0,8880.0982,0.0,0.0,0.0,0.0,0.0,0.0,137669.94,0.0,168421.47249520355,2.897680402406581,1.3801162515655838,2500.0,200.0,600.0,4962.69459939785,98.4375,250.0,863.3028437399291,283.9129484877797,0.0,3449.863231114482,0.0,0.0,0.0,sole_prop,2000.0,0.0,48,2160.0,300.0,4,1855.0,726.3696083744394,240.0,2520.0,740.0,1780.0,14,2910.0471605110797,False,False
2,Beta_Test_Scenario,4500.0,2000.0,10,56,11,6,5,150009.41395633869,2791.150971410654,16929.39705724432,16929.39705724432,4760.0,6355.0,1750.0,233.93817287191558,1860.0,300.0,1,0,False,,0.0,False,2108.5522014612643,0.0,2108.5522014612643,171550.0382,0.0,171550.0382,0.0,8880.0982,0.0,0.0,0.0,0.0,0.0,0.0,137669.94,0.0,167365.5544968373,3.220374704579805,3.2203747045798066,2500.0,200.0,600.0,5515.355020237047,109.375,0.0,959.4428143500237,315.5303382848452,0.0,0.0,0.0,0.0,0.0,sole_prop,2000.0,0.0,48,2160.0,300.0,1,525.0,231.06182712808442,60.0,2340.0,700.0,1640.0,13,6790.328172871919,False,False
2,Beta_Test_Scenario,4500.0,2000.0,11,63,10,3,7,153823.37104807948,3813.9570917407946,24731.984475446377,24731.984475446377,5355.0,6966.25,1918.75,717.6252503336914,1860.0,0.0,0,0,False,,0.0,False,2108.5522014612643,0.0,2108.5522014612643,171550.0382,0.0,171550.0382,0.0,8880.0982,0.0,0.0,0.0,0.0,0.0,0.0,137669.94,0.0,166303.0370109813,3.7004478299350256,3.7004478299350274,2500.0,353.2303321316349,600.0,6337.549319007099,119.921875,0.0,1102.4704905485687,362.56760864638863,0.0,0.0,0.0,0.0,0.0,sole_prop,2000.0,0.0,48,2160.0,300.0,4,1610.0,652.3747496663086,240.0,2520.0,740.0,1780.0,14,7802.58741820206,False,False
2,Beta_Test_Scenario,4500.0,2000.0,12,84,26,5,21,156807.89805249206,2984.5270044125937,36639.06707233679,36639.06707233679,7140.0,9347.5,2587.5,373.4046341426716,1860.0,0.0,0,0,False,,0.0,False,2108.5522014612643,0.0,2108.5522014612643,171550.0382,0.0,171550.0382,0.0,8880.0982,0.0,0.0,0.0,0.0,0.0,0.0,137669.94,0.0,165233.87879083867,5.647041884302693,3.287260543547512,2500.0,290.9170372522636,600.0,9671.371707703684,161.71875,391.015625,1682.417189068929,553.2937001177974,0.0,5366.737766016553,0.0,0.0,0.0,sole_prop,2000.0,0.0,48,2160.0,300.0,2,805.0,311.5953658573284,120.0,2520.0,740.0,1780.0,14,6931.360455873859,False,False
3,Beta_Test_Scenario,4500.0,2000.0,1,0,0,0,0,164312.41310045024,-7237.6250995497685,-4165.437360799768,-4165.437360799768,0.0,0.0,0.0,608.8667154835971,1860.0,300.0,1,0,False,,0.0,False,1072.1877387499999,0.0,1072.1877387499999,171550.0382,0.0,171550.0382,0.0,8880.0982,0.0,0.0,0.0,0.0,0.0,0.0,137669.94,0.0,171550.0382,-3.884988803971965,-3.8849888039719667,0.0,410.5140762833656,600.0,-4165.437360799768,0.0,0.0,0.0,0.0,0.0,0.0,0.0,0.0,0.0,sole_prop,2000.0,0.0,48,2160.0,300.0,3,1330.0,541.1332845164029,180.0,0.0,0.0,0.0,0,-4165.4373607997695,True,True
3,Beta_Test_Scenario,4500.0,2000.0,2,0,0,0,0,156944.6831726767,-7367.7299277735365,-8460.979549823303,-8460.979549823303,0.0,0.0,0.0,379.6325101010521,1860.0,300.0,1,0,False,,0.0,False,1072.1877387499999,0.0,1072.1877387499999,171550.0382,0.0,171550.0382,0.0,8880.0982,0.0,0.0,0.0,0.0,0.0,0.0,137669.94,0.0,171550.0382,-4.006333997095932,-4.0063339970959335,0.0,311.38469912458805,600.0,-4295.542189023536,0.0,0.0,0.0,0.0,0.0,0.0,0.0,0.0,0.0,sole_prop,2000.0,0.0,48,2160.0,300.0,2,805.0,305.3674898989479,120.0,0.0,0.0,0.0,0,-4295.5421890235375,True,True
3,Beta_Test_Scenario,4500.0,2000.0,3,7,7,0,7,150965.98373447012,-5978.699438206584,-11380.772499279887,-11380.772499279887,595.0,787.5,212.5,224.2720505434175,1860.0,300.0,1,0,False,,0.0,False,1072.1877387499999,0.0,1072.1877387499999,171550.0382,0.0,171550.0382,0.0,8880.0982,0.0,0.0,0.0,0.0,0.0,0.0,137669.94,0.0,171550.0382,-2.7232105385392638,-2.723210538539266,0.0,200.0,600.0,-2919.7929494565824,13.28125,13.28125,0.0,0.0,0.0,13.28125,0.0,0.0,0.0,sole_prop,2000.0,0.0,48,2160.0,300.0,2,560.0,215.7279494565825,120.0,0.0,0.0,0.0,0,-2919.792949456585,True,True
3,Beta_Test_Scenario,4500.0,2000.0,4,13,7,1,6,147639.97983981587,-3326.00389465424,-11659.979280184125,-11659.979280184125,1105.0,1493.75,406.25,338.0634129482305,1860.0,300.0,1,0,False,,0.0,False,1072.1877387499999,0.0,1072.1877387499999,171550.0382,0.0,171550.0382,0.0,8880.0982,0.0,0.0,0.0,0.0,0.0,0.0,137669.94,0.0,171550.0382,-0.26040848147522083,-0.26040848147522166,0.0,511.412693852469,600.0,-279.20678090423826,25.390625,0.0,0.0,0.0,0.0,0.0,0.0,0.0,0.0,sole_prop,2000.0,0.0,48,2160.0,300.0,2,805.0,346.9365870517695,120.0,2340.0,700.0,1640.0,13,-279.20678090423917,True,True
3,Beta_Test_Scenario,4500.0,2000.0,5,21,10,2,8,145967.36044726364,-1672.6193925522457,-10299.473433986372,-10299.473433986372,1785.0,2315.0,625.0,244.78997118525615,1860.0,0.0,0,0,False,,0.0,False,1072.1877387499999,0.0,1072.1877387499999,171550.0382,0.0,171550.0382,0.0,8880.0982,0.0,0.0,0.0,0.0,0.0,0.0,137669.94,0.0,171550.0382,1.268906365021378,1.268906365021378,0.0,455.32412498750136,600.0,1105.0530339412169,39.0625,0.0,192.23335379143464,63.2194584651018,0.0,0.0,0.0,0.0,0.0,sole_prop,2000.0,0.0,48,2160.0,300.0,1,525.0,220.21002881474385,60.0,2340.0,700.0,1640.0,13,1360.5058461977533,False,False
3,Beta_Test_Scenario,4500.0,2000.0,6,29,10,2,8,145755.34752623824,-212.01292102540538,-6535.751388081221,-6535.751388081221,2465.0,3450.0,937.5,255.26694541909097,1860.0,0.0,0,0,False,,0.0,False,1072.1877387499999,0.0,1072.1877387499999,171550.0382,0.0,171550.0382,0.0,8880.0982,0.0,0.0,0.0,0.0,0.0,0.0,137669.94,0.0,171550.0382,3.51031998397319,2.6129575693439575,0.0,260.45989951394023,600.0,3057.0338799811316,58.59375,123.046875,531.7969883371912,174.89117758682775,0.0,1085.1878531805555,0.0,0.0,0.0,sole_prop,2000.0,0.0,48,2160.0,300.0,1,525.0,209.73305458090903,60.0,2700.0,780.0,1920.0,15,2801.5810677245936,False,False
3,Beta_Test_Scenario,4500.0,2000.0,7,36,11,4,7,147458.9590490743,1703.6115228360522,-802.4939137839065,-802.4939137839065,3060.0,4695.0,1262.5,357.3524742973156,1860.0,0.0,0,0,False,,0.0,False,2108.5522014612643,0.0,2108.5522014612643,171550.0382,0.0,171550.0382,0.0,8880.0982,0.0,0.0,0.0,0.0,0.0,0.0,137669.94,0.0,170513.67373728874,2.7190493412134,2.719049341213401,0.0,200.0,600.0,4656.763206159362,78.90625,0.0,810.0834814595763,266.4107866783763,0.0,0.0,0.0,0.0,0.0,sole_prop,2000.0,0.0,48,2160.0,300.0,2,805.0,327.6475257026844,120.0,2520.0,740.0,1780.0,14,5733.2574742973175,False,False
3,Beta_Test_Scenario,4500.0,2000.0,8,44,11,3,8,150753.6424674125,3294.683418338196,6508.944831015551,6508.944831015551,3740.0,5338.75,1468.75,103.8862447994581,1860.0,300.0,1,0,False,,0.0,False,2108.5522014612643,0.0,2108.5522014612643,171550.0382,0.0,171550.0382,0.0,8880.0982,0.0,0.0,0.0,0.0,0.0,0.0,137669.94,0.0,169470.83199668553,3.467516118278931,3.467516118278932,0.0,200.0,600.0,5938.6202492228185,91.796875,0.0,1033.073393165812,339.7451024108276,0.0,0.0,0.0,0.0,0.0,sole_prop,2000.0,0.0,48,2160.0,300.0,1,280.0,116.11375520054189,60.0,2700.0,780.0,1920.0,15,7311.4387447994595,False,False
3,Beta_Test_Scenario,4500.0,2000.0,9,52,11,3,8,151059.94798485897,306.30551744648983,14807.438117091951,14807.438117091951,4420.0,7373.75,1981.25,1127.2257860764023,1860.0,300.0,1,0,False,,0.0,False,2108.5522014612643,0.0,2108.5522014612643,171550.0382,0.0,171550.0382,0.0,8880.0982,0.0,0.0,0.0,0.0,0.0,0.0,137669.94,0.0,168421.47249520355,3.935635684203311,2.0350596921119597,2500.0,200.0,600.0,6740.342357622342,123.828125,294.53125,1172.539758102808,385.6111703512498,0.0,4301.99494216865,0.0,0.0,0.0,sole_prop,2000.0,0.0,48,2160.0,300.0,5,2380.0,952.7742139235977,300.0,2160.0,660.0,1500.0,12,4291.029593907755,False,False
3,Beta_Test_Scenario,4500.0,2000.0,10,61,12,3,9,156089.88335225487,5029.93536739591,23811.941310949125,23811.941310949125,5185.0,7908.75,2143.75,444.3909606181452,1860.0,300.0,1,0,False,,0.0,False,2108.5522014612643,0.0,2108.5522014612643,171550.0382,0.0,171550.0382,0.0,8880.0982,0.0,0.0,0.0,0.0,0.0,0.0,137669.94,0.0,167365.5544968373,4.270467284431892,4.270467284431892,2500.0,304.65026676097517,600.0,7313.78964766236,133.984375,0.0,1272.2957810276462,418.41776516716754,0.0,0.0,0.0,0.0,0.0,sole_prop,2000.0,0.0,48,2160.0,300.0,3,1085.0,460.6090393818548,180.0,2340.0,700.0,1640.0,13,9004.503193857174,False,False
3,Beta_Test_Scenario,4500.0,2000.0,11,67,12,6,6,161752.35812180766,5662.474769552789,33441.95265696318,33441.95265696318,5695.0,8208.75,2256.25,538.2138460140512,1860.0,300.0,1,0,False,,0.0,False,2108.5522014612643,0.0,2108.5522014612643,171550.0382,0.0,171550.0382,0.0,8880.0982,0.0,0.0,0.0,0.0,0.0,0.0,137669.94,0.0,166303.0370109813,4.567120197138246,4.567120197138246,2500.0,200.0,600.0,7821.85044227614,141.015625,0.0,1360.6772681407285,447.4836355971845,0.0,0.0,0.0,0.0,0.0,sole_prop,2000.0,0.0,48,2160.0,300.0,2,1050.0,391.7861539859488,120.0,2340.0,700.0,1640.0,13,9630.011346014053,False,False
3,Beta_Test_Scenario,4500.0,2000.0,12,85,24,6,18,165513.86307338916,3761.5049515815044,47221.63845456923,47221.63845456923,7225.0,10240.0,2825.0,639.4057976060499,1860.0,600.0,2,0,False,,0.0,False,2108.5522014612643,0.0,2108.5522014612643,171550.0382,0.0,171550.0382,0.0,8880.0982,0.0,0.0,0.0,0.0,0.0,0.0,137669.94,0.0,165233.87879083867,6.5351409313255235,3.6487095969030507,2500.0,200.0,600.0,11192.369102975492,176.5625,451.5625,1947.0075946156455,640.3091000149113,0.0,6537.753644563284,0.0,0.0,0.0,sole_prop,2000.0,0.0,48,2160.0,300.0,3,1330.0,510.59420239395007,180.0,2340.0,700.0,1640.0,13,7693.49465304277,False,False
4,Beta_Test_Scenario,4500.0,2000.0,1,0,0,0,0,164111.0948741303,-7438.943325869723,-4366.755587119724,-4366.755587119724,0.0,0.0,0.0,584.6722347515877,1860.0,0.0,0,0,False,,0.0,True,1072.1877387499999,0.0,1072.1877387499999,171550.0382,0.0,171550.0382,0.0,8880.0982,0.0,0.0,0.0,0.0,0.0,0.0,137669.94,0.0,171550.0382,-4.072752773885164,-4.072752773885164,0.0,287.6378218713112,600.0,-4366.755587119724,0.0,0.0,0.0,0.0,0.0,0.0,0.0,0.0,0.0,sole_prop,2000.0,0.0,48,2160.0,300.0,3,1330.0,565.3277652484123,180.0,0.0,0.0,0.0,0,-4366.755587119724,True,True
4,Beta_Test_Scenario,4500.0,2000.0,2,0,0,0,0,157071.8544862571,-7039.2403878732,-8333.808236242925,-8333.808236242925,0.0,0.0,0.0,596.737350876799,1860.0,300.0,1,0,False,,0.0,True,1072.1877387499999,0.0,1072.1877387499999,171550.0382,0.0,171550.0382,0.0,8880.0982,0.0,0.0,0.0,0.0,0.0,0.0,137669.94,0.0,171550.0382,-3.699960842443649,-3.69996084244365,0.0,200.0,600.0,-3967.052649123201,0.0,0.0,0.0,0.0,0.0,0.0,0.0,0.0,0.0,sole_prop,2000.0,0.0,48,2160.0,300.0,3,1330.0,553.262649123201,180.0,0.0,0.0,0.0,0,-3967.0526491232017,True,True
4,Beta_Test_Scenario,4500.0,2000.0,3,6,7,1,6,151241.9932782226,-5829.861208034491,-11106.325455527414,-11106.325455527414,510.0,900.0,237.5,619.4527807155108,1860.0,0.0,0,0,False,,0.0,False,1072.1877387499999,0.0,1072.1877387499999,171550.0382,0.0,171550.0382,0.0,8880.0982,0.0,0.0,0.0,0.0,0.0,0.0,137669.94,0.0,171550.0382,-2.585850517668484,-2.5858505176684856,0.0,200.0,600.0,-2772.5172192844884,14.84375,14.84375,0.0,0.0,0.0,14.84375,0.0,0.0,0.0,sole_prop,2000.0,0.0,48,2160.0,300.0,3,1330.0,530.5472192844892,180.0,0.0,0.0,0.0,0,-2772.5172192844902,True,True
4,Beta_Test_Scenario,4500.0,2000.0,4,11,7,2,5,148344.0886554183,-2897.904622804288,-10957.432964581702,-10957.432964581702,935.0,1503.75,406.25,882.0199909457135,1860.0,0.0,0,0,False,,0.0,False,1072.1877387499999,0.0,1072.1877387499999,171550.0382,0.0,171550.0382,0.0,8880.0982,0.0,0.0,0.0,0.0,0.0,0.0,137669.94,0.0,171550.0382,0.13886792915511104,0.1388679291551085,0.0,200.0,600.0,120.93597341786841,25.390625,0.0,21.03783895442009,6.918678573425183,0.0,0.0,0.0,0.0,0.0,sole_prop,2000.0,0.0,48,2160.0,300.0,4,1855.0,732.9800090542865,240.0,2340.0,700.0,1640.0,13,148.89249094571096,True,True
4,Beta_Test_Scenario,4500.0,2000.0,5,20,10,1,9,146999.58765290212,-1344.5010025161828,-9268.808728347885,-9268.808728347885,1700.0,2285.0,625.0,272.5842362338176,1860.0,300.0,1,0,False,,0.0,False,1072.1877387499999,0.0,1072.1877387499999,171550.0382,0.0,171550.0382,0.0,8880.0982,0.0,0.0,0.0,0.0,0.0,0.0,137669.94,0.0,171550.0382,1.5749333584083736,1.5749333584083745,0.0,200.0,600.0,1371.5628937956203,39.0625,0.0,238.59500577077534,78.46633666742147,0.0,0.0,0.0,0.0,0.0,sole_prop,2000.0,0.0,48,2160.0,300.0,1,525.0,192.41576376618238,60.0,2160.0,660.0,1500.0,12,1688.624236233818,False,False
4,Beta_Test_Scenario,4500.0,2000.0,6,29,10,1,9,146015.32795506448,-984.2596978376314,-6342.216052663218,-6342.216052663218,2465.0,3221.25,893.75,0.0,1860.0,300.0,1,0,False,,0.0,False,1072.1877387499999,0.0,1072.1877387499999,171550.0382,0.0,171550.0382,0.0,8880.0982,0.0,0.0,0.0,0.0,0.0,0.0,137669.94,0.0,171550.0382,2.7295524560806936,1.8952545272355343,0.0,619.1698243153326,600.0,2377.086525878411,55.859375,120.3125,413.514375407203,135.9917743990533,0.0,1014.8365097722983,0.0,0.0,0.0,sole_prop,2000.0,0.0,48,2160.0,300.0,0,0.0,0.0,0.0,2340.0,700.0,1640.0,13,2032.0686659123676,False,False
4,Beta_Test_Scenario,4500.0,2000.0,7,36,10,3,7,146382.07123725675,366.7432821922848,-1925.1236940096696,-1925.1236940096696,3060.0,3273.75,931.25,111.48485865354942,1860.0,600.0,2,0,False,,0.0,False,2108.5522014612643,0.0,2108.5522014612643,171550.0382,0.0,171550.0382,0.0,8880.0982,0.0,0.0,0.0,0.0,0.0,0.0,137669.94,0.0,170513.67373728874,2.0948461013165454,2.0948461013165462,0.0,200.0,600.0,3587.725349192792,58.203125,0.0,624.1152733621324,205.2517360986241,0.0,0.0,0.0,0.0,0.0,sole_prop,2000.0,0.0,48,2160.0,300.0,1,280.0,108.51514134645058,60.0,2340.0,700.0,1640.0,13,4417.09235865355,False,False
4,Beta_Test_Scenario,4500.0,2000.0,8,42,10,4,6,148665.48644798654,2283.4152107297796,4383.249968181372,4383.249968181372,3570.0,4855.0,1337.5,237.7786621910421,1860.0,0.0,0,0,False,,0.0,False,2108.5522014612643,0.0,2108.5522014612643,171550.0382,0.0,171550.0382,0.0,8880.0982,0.0,0.0,0.0,0.0,0.0,0.0,137669.94,0.0,169470.83199668553,2.9918034079588955,2.991803407958896,0.0,200.0,600.0,5123.893788565028,83.59375,0.0,891.3448107861145,293.13506283989926,0.0,0.0,0.0,0.0,0.0,sole_prop,2000.0,0.0,48,2160.0,300.0,1,525.0,227.2213378089579,60.0,2520.0,740.0,1780.0,14,6308.373662191043,False,False
4,Beta_Test_Scenario,4500.0,2000.0,9,48,11,5,6,147758.07556851866,-907.4108794678777,10706.629309999502,10706.629309999502,4080.0,4410.0,1262.5,352.47434181812986,1860.0,0.0,0,0,False,,0.0,False,2108.5522014612643,0.0,2108.5522014612643,171550.0382,0.0,171550.0382,0.0,8880.0982,0.0,0.0,0.0,0.0,0.0,0.0,137669.94,0.0,168421.47249520355,2.998919987580063,1.4807482925154154,0.0,200.0,600.0,5136.081955080156,78.90625,220.703125,893.4650457918635,293.8323409461099,0.0,3421.847394824744,0.0,0.0,0.0,sole_prop,2000.0,0.0,48,2160.0,300.0,2,805.0,332.52565818187014,120.0,2340.0,700.0,1640.0,13,3122.2350719933875,False,False
4,Beta_Test_Scenario,4500.0,2000.0,10,55,12,5,7,149468.22731633898,1710.1517478203132,16428.067634281077,16428.067634281077,4675.0,5491.25,1556.25,739.7652412478612,1860.0,0.0,0,0,False,,0.0,False,2108.5522014612643,0.0,2108.5522014612643,171550.0382,0.0,171550.0382,0.0,8880.0982,0.0,0.0,0.0,0.0,0.0,0.0,137669.94,0.0,167365.5544968373,2.713444002153002,2.713444002153002,2500.0,462.18441696628577,600.0,4647.163256537683,97.265625,0.0,808.4134887485276,265.8615789953657,0.0,0.0,0.0,0.0,0.0,sole_prop,2000.0,0.0,48,2160.0,300.0,4,1610.0,630.2347587521388,240.0,2340.0,700.0,1640.0,13,5721.438324281577,False,False
4,Beta_Test_Scenario,4500.0,2000.0,11,62,10,3,7,152975.0610088008,3506.833692461847,23930.562903204187,23930.562903204187,5270.0,6333.75,1806.25,878.8377689231102,1860.0,0.0,0,0,False,,0.0,False,2108.5522014612643,0.0,2108.5522014612643,171550.0382,0.0,171550.0382,0.0,8880.0982,0.0,0.0,0.0,0.0,0.0,0.0,137669.94,0.0,166303.0370109813,3.558126407173485,3.558126407173485,2500.0,200.0,600.0,6093.803405713583,112.890625,0.0,1060.0688202701253,348.6230429394024,0.0,0.0,0.0,0.0,0.0,sole_prop,2000.0,0.0,48,2160.0,300.0,4,1855.0,736.16223107689,240.0,2700.0,780.0,1920.0,15,7502.49526892311,False,False
4,Beta_Test_Scenario,4500.0,2000.0,12,80,27,9,18,155240.4867042827,2265.425695481881,34664.22088779869,34664.22088779869,6800.0,7871.25,2218.75,935.6709051311959,1860.0,0.0,0,0,False,,0.0,True,2108.5522014612643,0.0,2108.5522014612643,171550.0382,0.0,171550.0382,0.0,8880.0982,0.0,0.0,0.0,0.0,0.0,0.0,137669.94,0.0,165233.87879083867,5.090534622361206,2.957150417059615,2500.0,228.96542053668844,600.0,8718.272952896565,138.671875,348.828125,1516.6175717622732,498.76745993566857,0.0,4847.180087651363,0.0,0.0,0.0,sole_prop,2000.0,0.0,48,2160.0,300.0,6,2170.0,874.3290948688041,360.0,2700.0,780.0,1920.0,15,6235.306021943146,False,False
